<?xml version="1.0" encoding="UTF-8"?><rss version="2.0"
	xmlns:content="http://purl.org/rss/1.0/modules/content/"
	xmlns:wfw="http://wellformedweb.org/CommentAPI/"
	xmlns:dc="http://purl.org/dc/elements/1.1/"
	xmlns:atom="http://www.w3.org/2005/Atom"
	xmlns:sy="http://purl.org/rss/1.0/modules/syndication/"
	xmlns:slash="http://purl.org/rss/1.0/modules/slash/"
	>

<channel>
	<title>Abbigliamento &#8211; GeekPlayer</title>
	<atom:link href="http://localhost/esercizio-20-03/categoria-prodotto/abbigliamento/feed/?simply_static_page=652" rel="self" type="application/rss+xml" />
	<link></link>
	<description></description>
	<lastBuildDate>Mon, 20 Mar 2023 15:38:51 +0000</lastBuildDate>
	<language>it-IT</language>
	<sy:updatePeriod>
	hourly	</sy:updatePeriod>
	<sy:updateFrequency>
	1	</sy:updateFrequency>
	<generator>https://wordpress.org/?v=6.1.1</generator>

<image>
	<url>/wp-content/uploads/2023/03/cropped-Logotipo_moda_urbana_skate_informal_juvenil__1_-removebg-preview-100x100.png</url>
	<title>Abbigliamento &#8211; GeekPlayer</title>
	<link></link>
	<width>32</width>
	<height>32</height>
</image> 
	<item>
		<title>Felpa Adidas Grigia Donna</title>
		<link>/prodotto/felpa-adidas-grigia-donna/</link>
					<comments>/prodotto/felpa-adidas-grigia-donna/#respond</comments>
		
		<dc:creator><![CDATA[Francesco]]></dc:creator>
		<pubDate>Mon, 20 Mar 2023 15:37:25 +0000</pubDate>
				<guid isPermaLink="false">/?post_type=product#038;p=71</guid>

					<description><![CDATA[]]></description>
										<content:encoded><![CDATA[]]></content:encoded>
					
					<wfw:commentRss>/prodotto/felpa-adidas-grigia-donna/feed/</wfw:commentRss>
			<slash:comments>0</slash:comments>
		
		
			</item>
		<item>
		<title>Cappellino truck Quicksilver</title>
		<link>/prodotto/cappellino-truck-quicsilver/</link>
					<comments>/prodotto/cappellino-truck-quicsilver/#respond</comments>
		
		<dc:creator><![CDATA[Francesco]]></dc:creator>
		<pubDate>Mon, 20 Mar 2023 15:24:00 +0000</pubDate>
				<guid isPermaLink="false">/?post_type=product#038;p=65</guid>

					<description><![CDATA[<p class="r-slide-action-block-title">Caratteristiche</p>

<ul class="r-slide-action-block-list">
 	<li><strong>Tessuto:</strong> Tessuto in misto di cotone e poliestere</li>
 	<li><strong>Costruzione:</strong> costruzione in schiuma a 5 pannelli</li>
 	<li><strong>Visiera:</strong> visiera semicurva</li>
 	<li>Pannello: pannello davanti in poliestere con supporto in schiuma</li>
 	<li>Pannelli posteriori in rete</li>
 	<li><strong>Chiusura: chiusura snapback di plastica
</strong></li>
 	<li>Marcatura:<strong> etichetta ad alta definizione sulla chiusura posteriore
</strong></li>
 	<li>Altre caratteristiche:  toppe miste</li>
</ul>]]></description>
										<content:encoded><![CDATA[<p class="r-slide-action-block-title">Caratteristiche</p>

<ul class="r-slide-action-block-list">
 	<li><strong>Tessuto:</strong> Tessuto in misto di cotone e poliestere</li>
 	<li><strong>Costruzione:</strong> costruzione in schiuma a 5 pannelli</li>
 	<li><strong>Visiera:</strong> visiera semicurva</li>
 	<li>Pannello: pannello davanti in poliestere con supporto in schiuma</li>
 	<li>Pannelli posteriori in rete</li>
 	<li><strong>Chiusura: chiusura snapback di plastica
</strong></li>
 	<li>Marcatura:<strong> etichetta ad alta definizione sulla chiusura posteriore
</strong></li>
 	<li>Altre caratteristiche:  toppe miste</li>
</ul>]]></content:encoded>
					
					<wfw:commentRss>/prodotto/cappellino-truck-quicsilver/feed/</wfw:commentRss>
			<slash:comments>0</slash:comments>
		
		
			</item>
		<item>
		<title>Felpa Vans nera uomo</title>
		<link>/prodotto/felpa-vans-nera-uomo/</link>
					<comments>/prodotto/felpa-vans-nera-uomo/#respond</comments>
		
		<dc:creator><![CDATA[Francesco]]></dc:creator>
		<pubDate>Mon, 20 Mar 2023 15:22:47 +0000</pubDate>
				<guid isPermaLink="false">/?post_type=product#038;p=64</guid>

					<description><![CDATA[Questa felpa nera della Vans è perfetta per uno stile casual e confortevole. Realizzata in morbido cotone, presenta il classico logo Vans sul petto, che conferisce un tocco di stile senza essere troppo appariscente. Il colore nero la rende facilmente abbinabile con qualsiasi outfit, mentre il design semplice e pulito la rende una scelta versatile per ogni occasione.]]></description>
										<content:encoded><![CDATA[<p>Questa felpa nera della Vans è perfetta per uno stile casual e confortevole. Realizzata in morbido cotone, presenta il classico logo Vans sul petto, che conferisce un tocco di stile senza essere troppo appariscente. Il colore nero la rende facilmente abbinabile con qualsiasi outfit, mentre il design semplice e pulito la rende una scelta versatile per ogni occasione.</p>
]]></content:encoded>
					
					<wfw:commentRss>/prodotto/felpa-vans-nera-uomo/feed/</wfw:commentRss>
			<slash:comments>0</slash:comments>
		
		
			</item>
		<item>
		<title>Maglietta Volcom nera uomo</title>
		<link>/prodotto/maglietta-volcom-nera-uomo/</link>
					<comments>/prodotto/maglietta-volcom-nera-uomo/#respond</comments>
		
		<dc:creator><![CDATA[Francesco]]></dc:creator>
		<pubDate>Mon, 20 Mar 2023 15:20:51 +0000</pubDate>
				<guid isPermaLink="false">/?post_type=product#038;p=62</guid>

					<description><![CDATA[]]></description>
										<content:encoded><![CDATA[]]></content:encoded>
					
					<wfw:commentRss>/prodotto/maglietta-volcom-nera-uomo/feed/</wfw:commentRss>
			<slash:comments>0</slash:comments>
		
		
			</item>
		<item>
		<title>Giacca Quicksilver baige &#038; bianca</title>
		<link>/prodotto/giacca-quicksilver-baige-bianca/</link>
					<comments>/prodotto/giacca-quicksilver-baige-bianca/#respond</comments>
		
		<dc:creator><![CDATA[Francesco]]></dc:creator>
		<pubDate>Mon, 20 Mar 2023 15:18:10 +0000</pubDate>
				<guid isPermaLink="false">/?post_type=product#038;p=54</guid>

					<description><![CDATA[La giacca sportiva bianca e beige è elegante e funzionale, con una chiusura a bottoni e tasche laterali con zip. Facile da abbinare e ideale per attività all'aperto o in città.]]></description>
										<content:encoded><![CDATA[<p>Questa giacca sportiva bianca e beige è la perfetta combinazione tra stile e funzionalità. Realizzata con materiali di alta qualità, presenta un design moderno ed elegante, con una chiusura a bottoni frontale e tasche laterali con zip per tenere al sicuro i tuoi oggetti personali durante l&#8217;attività fisica o le attività all&#8217;aperto. Il mix di colori neutri, bianco e beige, la rende facile da abbinare a qualsiasi tipo di abbigliamento e la rende ideale per ogni occasione, dalle passeggiate in montagna alle uscite in città. Con questa giacca sarai sempre al top, sia in termini di stile che di comfort.</p>
]]></content:encoded>
					
					<wfw:commentRss>/prodotto/giacca-quicksilver-baige-bianca/feed/</wfw:commentRss>
			<slash:comments>0</slash:comments>
		
		
			</item>
		<item>
		<title>SuedeGrip nere</title>
		<link>/prodotto/hoodie-with-logo/</link>
					<comments>/prodotto/hoodie-with-logo/#respond</comments>
		
		<dc:creator><![CDATA[Francesco]]></dc:creator>
		<pubDate>Mon, 20 Mar 2023 13:16:30 +0000</pubDate>
				<guid isPermaLink="false">/prodotto/hoodie-with-logo/</guid>

					<description><![CDATA[Scarpe eleganti da uomo in pelle scamosciata con suola in gomma aderente, fodera interna morbida e disponibili in diverse taglie e colori.]]></description>
										<content:encoded><![CDATA[<p>Realizzate con materiali di alta qualità e rifinite nei minimi dettagli, le scarpe &#8220;SuedeGrip&#8221; sono adatte per ogni occasione. La tomaia in pelle scamosciata dona un tocco di eleganza, mentre la suola in gomma garantisce una perfetta aderenza al terreno. La fodera interna morbida e traspirante garantisce il massimo comfort per tutto il giorno. Disponibili in diversi colori e taglie, queste scarpe sono un must-have per ogni guardaroba maschile.</p>
]]></content:encoded>
					
					<wfw:commentRss>/prodotto/hoodie-with-logo/feed/</wfw:commentRss>
			<slash:comments>0</slash:comments>
		
		
			</item>
	</channel>
</rss>
