<?xml version="1.0" encoding="UTF-8"?><rss version="2.0"
	xmlns:content="http://purl.org/rss/1.0/modules/content/"
	xmlns:wfw="http://wellformedweb.org/CommentAPI/"
	xmlns:dc="http://purl.org/dc/elements/1.1/"
	xmlns:atom="http://www.w3.org/2005/Atom"
	xmlns:sy="http://purl.org/rss/1.0/modules/syndication/"
	xmlns:slash="http://purl.org/rss/1.0/modules/slash/"
	>

<channel>
	<title>T-shirt &#8211; GeekPlayer</title>
	<atom:link href="http://localhost/esercizio-20-03/categoria-prodotto/abbigliamento/t-shirt/feed/?simply_static_page=660" rel="self" type="application/rss+xml" />
	<link></link>
	<description></description>
	<lastBuildDate>Mon, 20 Mar 2023 15:21:03 +0000</lastBuildDate>
	<language>it-IT</language>
	<sy:updatePeriod>
	hourly	</sy:updatePeriod>
	<sy:updateFrequency>
	1	</sy:updateFrequency>
	<generator>https://wordpress.org/?v=6.1.1</generator>

<image>
	<url>/wp-content/uploads/2023/03/cropped-Logotipo_moda_urbana_skate_informal_juvenil__1_-removebg-preview-100x100.png</url>
	<title>T-shirt &#8211; GeekPlayer</title>
	<link></link>
	<width>32</width>
	<height>32</height>
</image> 
	<item>
		<title>Maglietta Volcom nera uomo</title>
		<link>/prodotto/maglietta-volcom-nera-uomo/</link>
					<comments>/prodotto/maglietta-volcom-nera-uomo/#respond</comments>
		
		<dc:creator><![CDATA[Francesco]]></dc:creator>
		<pubDate>Mon, 20 Mar 2023 15:20:51 +0000</pubDate>
				<guid isPermaLink="false">/?post_type=product#038;p=62</guid>

					<description><![CDATA[]]></description>
										<content:encoded><![CDATA[]]></content:encoded>
					
					<wfw:commentRss>/prodotto/maglietta-volcom-nera-uomo/feed/</wfw:commentRss>
			<slash:comments>0</slash:comments>
		
		
			</item>
	</channel>
</rss>
