<?xml version="1.0" encoding="UTF-8"?><rss version="2.0"
	xmlns:content="http://purl.org/rss/1.0/modules/content/"
	xmlns:dc="http://purl.org/dc/elements/1.1/"
	xmlns:atom="http://www.w3.org/2005/Atom"
	xmlns:sy="http://purl.org/rss/1.0/modules/syndication/"
	
	>
<channel>
	<title>
	Commenti a: Giacca Quicksilver baige &#038; bianca	</title>
	<atom:link href="http://localhost/esercizio-20-03/prodotto/giacca-quicksilver-baige-bianca/feed/?simply_static_page=726" rel="self" type="application/rss+xml" />
	<link>/prodotto/giacca-quicksilver-baige-bianca/</link>
	<description></description>
	<lastBuildDate>Mon, 20 Mar 2023 15:26:07 +0000</lastBuildDate>
	<sy:updatePeriod>
	hourly	</sy:updatePeriod>
	<sy:updateFrequency>
	1	</sy:updateFrequency>
	<generator>https://wordpress.org/?v=6.1.1</generator>
</channel>
</rss>
