<?xml version="1.0" encoding="UTF-8"?><rss version="2.0"
	xmlns:content="http://purl.org/rss/1.0/modules/content/"
	xmlns:dc="http://purl.org/dc/elements/1.1/"
	xmlns:atom="http://www.w3.org/2005/Atom"
	xmlns:sy="http://purl.org/rss/1.0/modules/syndication/"
	
	>
<channel>
	<title>
	Commenti a: Felpa Vans nera uomo	</title>
	<atom:link href="http://localhost/esercizio-20-03/prodotto/felpa-vans-nera-uomo/feed/?simply_static_page=974" rel="self" type="application/rss+xml" />
	<link>/prodotto/felpa-vans-nera-uomo/</link>
	<description></description>
	<lastBuildDate>Mon, 20 Mar 2023 15:38:51 +0000</lastBuildDate>
	<sy:updatePeriod>
	hourly	</sy:updatePeriod>
	<sy:updateFrequency>
	1	</sy:updateFrequency>
	<generator>https://wordpress.org/?v=6.1.1</generator>
</channel>
</rss>
