<?xml version="1.0" encoding="UTF-8"?><rss version="2.0"
	xmlns:content="http://purl.org/rss/1.0/modules/content/"
	xmlns:wfw="http://wellformedweb.org/CommentAPI/"
	xmlns:dc="http://purl.org/dc/elements/1.1/"
	xmlns:atom="http://www.w3.org/2005/Atom"
	xmlns:sy="http://purl.org/rss/1.0/modules/syndication/"
	xmlns:slash="http://purl.org/rss/1.0/modules/slash/"
	>

<channel>
	<title>Giacche &#8211; GeekPlayer</title>
	<atom:link href="http://localhost/esercizio-20-03/categoria-prodotto/abbigliamento/giacche/feed/?simply_static_page=922" rel="self" type="application/rss+xml" />
	<link></link>
	<description></description>
	<lastBuildDate>Mon, 20 Mar 2023 15:26:07 +0000</lastBuildDate>
	<language>it-IT</language>
	<sy:updatePeriod>
	hourly	</sy:updatePeriod>
	<sy:updateFrequency>
	1	</sy:updateFrequency>
	<generator>https://wordpress.org/?v=6.1.1</generator>

<image>
	<url>/wp-content/uploads/2023/03/cropped-Logotipo_moda_urbana_skate_informal_juvenil__1_-removebg-preview-100x100.png</url>
	<title>Giacche &#8211; GeekPlayer</title>
	<link></link>
	<width>32</width>
	<height>32</height>
</image> 
	<item>
		<title>Giacca Quicksilver baige &#038; bianca</title>
		<link>/prodotto/giacca-quicksilver-baige-bianca/</link>
					<comments>/prodotto/giacca-quicksilver-baige-bianca/#respond</comments>
		
		<dc:creator><![CDATA[Francesco]]></dc:creator>
		<pubDate>Mon, 20 Mar 2023 15:18:10 +0000</pubDate>
				<guid isPermaLink="false">/?post_type=product#038;p=54</guid>

					<description><![CDATA[La giacca sportiva bianca e beige è elegante e funzionale, con una chiusura a bottoni e tasche laterali con zip. Facile da abbinare e ideale per attività all'aperto o in città.]]></description>
										<content:encoded><![CDATA[<p>Questa giacca sportiva bianca e beige è la perfetta combinazione tra stile e funzionalità. Realizzata con materiali di alta qualità, presenta un design moderno ed elegante, con una chiusura a bottoni frontale e tasche laterali con zip per tenere al sicuro i tuoi oggetti personali durante l&#8217;attività fisica o le attività all&#8217;aperto. Il mix di colori neutri, bianco e beige, la rende facile da abbinare a qualsiasi tipo di abbigliamento e la rende ideale per ogni occasione, dalle passeggiate in montagna alle uscite in città. Con questa giacca sarai sempre al top, sia in termini di stile che di comfort.</p>
]]></content:encoded>
					
					<wfw:commentRss>/prodotto/giacca-quicksilver-baige-bianca/feed/</wfw:commentRss>
			<slash:comments>0</slash:comments>
		
		
			</item>
	</channel>
</rss>
